family,target,status,target_zip,target_sha256,n_input,n_candidates,determinism_pass,designated_rho,designated_p,designated_n_eval,designated_pass,five_seed_median_rho,five_seed_positive,multiseed_pass,identity_pass,null_pass,null_abs_median,null_sd,null_upper5,affine_mu,affine_sigma,crown_J,hdbscan_J,benchmark_pass,topology_pass,topology_drop20_median_rho,topology_positive_seeds,topology_arms,topology_sufficient_arms,topology_min_rho,topology_max_abs_delta,peak_rss_mb,stage_wall_s,claim_boundary
Abacus,ABACUS_V04_B6_01_base_c000_ph020_z0.500/AbacusSummit_base_c000_ph020,ABACUS_V04_B6_01_base_c000_ph020_z0.500_BLOCK_PASS,TARGETS/ABACUS_V04_B6_01_base_c000_ph020_z0.500_FULL_RESULT.zip,ee97efd9b75c0348e8a50771a44a7fac481e5c51d9d9ca8e796bba45ed5c3296,165412,11790,True,0.15786958281265187,2.8470014536792e-46,8087,True,0.15852898497529744,5,True,True,True,0.004075729978720366,1.0046835274590618,0.0498225336130573,-0.002503907161003725,0.9984908864143682,0.8333333333333334,0.45454545454545453,True,True,0.31688037624339127,5,26,26,0.07445141477115598,0.03785639678993374,833.6953125,24290.793434143066,Prospective v0.4-RC1 Abacus phase-transfer batch; base_c000 phase/realization transfer only; direct filament truth not run.
Abacus,ABACUS_V04_B6_02_base_c000_ph021_z0.500/AbacusSummit_base_c000_ph021,ABACUS_V04_B6_02_base_c000_ph021_z0.500_BLOCK_PASS,TARGETS/ABACUS_V04_B6_02_base_c000_ph021_z0.500_FULL_RESULT.zip,f3ef00df59ddf518af5b0ce9b1fb333eb8f156598b648965800f5abec27a2848,164350,11771,True,0.15392076894452555,9.39523864525862e-44,8031,True,0.15587485027177628,5,True,True,True,0.0026204532978393058,0.9981612425252816,0.04981500183013684,-0.002831073784640235,0.9990640239963127,0.8333333333333334,0.4482758620689655,True,True,0.29385731137342824,5,26,26,0.08537858608509565,0.038174140452621366,913.01953125,23977.40584397316,Prospective v0.4-RC1 Abacus phase-transfer batch; base_c000 phase/realization transfer only; direct filament truth not run.
Abacus,ABACUS_V04_B6_03_base_c000_ph022_z0.500/AbacusSummit_base_c000_ph022,ABACUS_V04_B6_03_base_c000_ph022_z0.500_BLOCK_PASS,TARGETS/ABACUS_V04_B6_03_base_c000_ph022_z0.500_FULL_RESULT.zip,2793f7700e8b3413e151b937196033d99e3b0ad1c0be98b09033018e5236f413,164086,11695,True,0.1610583176249082,2.0068010164294332e-47,7967,True,0.15708433593502108,5,True,True,True,0.002739759644402726,1.0011295974635166,0.049377216351158236,-0.0027776122911496192,0.9992250081118996,0.8333333333333334,0.45,True,True,0.2863009361351696,5,26,26,0.08595081349565956,0.036383243192511655,912.08203125,23417.02620267868,Prospective v0.4-RC1 Abacus phase-transfer batch; base_c000 phase/realization transfer only; direct filament truth not run.
Abacus,ABACUS_V04_B6_04_base_c000_ph023_z0.500/AbacusSummit_base_c000_ph023,ABACUS_V04_B6_04_base_c000_ph023_z0.500_BLOCK_PASS,TARGETS/ABACUS_V04_B6_04_base_c000_ph023_z0.500_FULL_RESULT.zip,78abb94d2baf32b3824e1685bcd114715ef2f7ff3c85fd4faab59d463ab9c2f3,165445,11841,True,0.15448947185356943,2.0428305519767197e-44,8097,True,0.16335286138192132,5,True,True,True,0.00011647201551154042,1.0014010359416183,0.05048457647270446,-0.002974871413276451,0.9991052797434838,0.8333333333333334,0.45,True,True,0.29674120580027474,5,26,26,0.08495781911688953,0.03784405960988117,918.34765625,23972.63920712471,Prospective v0.4-RC1 Abacus phase-transfer batch; base_c000 phase/realization transfer only; direct filament truth not run.
Abacus,ABACUS_V04_B6_05_base_c000_ph024_z0.500/AbacusSummit_base_c000_ph024,ABACUS_V04_B6_05_base_c000_ph024_z0.500_BLOCK_PASS,TARGETS/ABACUS_V04_B6_05_base_c000_ph024_z0.500_FULL_RESULT.zip,af0e878f1ecd60a520254e663c13fc4023193e5c4bd15140c9bfbf10adac58c5,164717,11858,True,0.16480830716492093,2.019997590763667e-50,8103,True,0.16480830716492093,5,True,True,True,0.003453676789434817,0.9984802273691721,0.04935163592678963,-0.003090870778954308,0.9988586946555001,0.8333333333333334,0.4444444444444444,True,True,0.30295786740257563,5,26,26,0.08498053097147495,0.0385086952079028,883.15625,23606.540431261063,Prospective v0.4-RC1 Abacus phase-transfer batch; base_c000 phase/realization transfer only; direct filament truth not run.
Abacus,ABACUS_V04_B6_06_base_c001_ph000_z0.500/AbacusSummit_base_c001_ph000,ABACUS_V04_B6_06_base_c001_ph000_z0.500_BLOCK_PASS,TARGETS/ABACUS_V04_B6_06_base_c001_ph000_z0.500_FULL_RESULT.zip,4dc78036d1fcb8ee18ebae05fadfd07b443a6a225abc2b6180309a4d1ef7f0ed,160310,11381,True,0.1529932987124852,2.7546866913423126e-42,7846,True,0.1636993566551237,5,True,True,True,0.0011882211706565912,0.9974593162428622,0.048927267952073465,-0.0034582317399552047,0.9991351928553921,0.8333333333333334,0.45454545454545453,True,True,0.3085570297470356,5,26,26,0.10718429693622206,0.037307090870934034,895.87890625,22490.590725183487,Prospective v0.4-RC1 Abacus phase-transfer batch; base_c000 phase/realization transfer only; direct filament truth not run.
TNG,TNG_V04_B6_01_L205n1250TNG_S099/L205n1250TNG,TNG_V04_B6_01_L205n1250TNG_S099_BLOCK_PASS,TNG_V04_B6_01_L205n1250TNG_S099_FULL_RESULT.zip,d51e0660ea19bd270bd950133336c91b22298f2c8314336d48af099d9fac23bb,25126,2045,True,0.18615906613304345,2.4667192899057433e-13,1525,True,0.2065540751364237,5,True,True,True,0.0002924227214787782,0.997128139811114,0.047194913592695294,-0.012540641079257913,1.0050129825175618,0.7777777777777778,0.6,True,True,0.5825399775025216,5,26,26,0.31493909493896566,0.06472502562666721,283.62109375,2392.8267784118652,Prospective large-N TNG diagnostic; no retroactive v0.3 promotion; direct filament truth not run.
TNG,TNG_V04_B6_02_L205n1250TNG_DM_S099/L205n1250TNG_DM,TNG_V04_B6_02_L205n1250TNG_DM_S099_BLOCK_PASS,TNG_V04_B6_02_L205n1250TNG_DM_S099_FULL_RESULT.zip,a8de05dc1c11b839fd39766b9f4fa06419eb535eb730c82b6ad06b79da1ab448,25697,2088,True,0.17784282964456954,1.59488446840981e-12,1559,True,0.1879148820598647,5,True,True,True,0.006063737304099287,0.9948633493623082,0.049239701410008295,-0.0021475860187779037,1.0101654620453937,0.7777777777777778,0.6,True,True,0.5774317293694358,5,26,26,0.29350816033998633,0.0658005012895134,283.43359375,2374.1133201122284,Prospective large-N TNG diagnostic; no retroactive v0.3 promotion; direct filament truth not run.
TNG,TNG_V04_B6_03_L205n2500TNG_S099/L205n2500TNG,TNG_V04_B6_03_L205n2500TNG_S099_BLOCK_PASS,TNG_V04_B6_03_L205n2500TNG_S099_FULL_RESULT.zip,33accb4be4679d716ced145ba7f675d66700d31b24dd8f12ed2fd194912e3a46,158558,12857,True,0.18798337947968802,5.8884360115234166e-77,9588,True,0.18065970661087385,5,True,True,True,0.001319704479964393,1.0028762695828133,0.050051546159698555,0.0022649810891630907,1.0020826438488195,0.7777777777777778,0.6,True,True,0.614177990101554,5,26,26,0.3605233679247734,0.06388134510056867,891.19921875,76035.67124724388,Prospective large-N TNG diagnostic; no retroactive v0.3 promotion; direct filament truth not run.
TNG,TNG_V04_B6_04_L205n2500TNG_DM_S099/L205n2500TNG_DM,TNG_V04_B6_04_L205n2500TNG_DM_S099_BLOCK_PASS,TNG_V04_B6_04_L205n2500TNG_DM_S099_FULL_RESULT.zip,c3fc29a1c2073effdf68cd2dd0a0fe092534c09c2c1d7049b18ea21762f51e01,161528,12944,True,0.1721544483268913,5.592435932598235e-65,9637,True,0.18668038278576302,5,True,True,True,0.001175815833929697,1.0006262749886952,0.05002299501185128,0.002518822725580646,1.0020459798862145,0.7777777777777778,0.6,True,True,0.6150790757437993,5,26,26,0.34111297746337027,0.06508672660974883,905.2890625,78093.74496483803,Prospective large-N TNG diagnostic; no retroactive v0.3 promotion; direct filament truth not run.
TNG,TNG_V04_B6_05_L205n625TNG_S099/L205n625TNG,TNG_V04_B6_05_L205n625TNG_S099_BLOCK_PASS,TNG_V04_B6_05_L205n625TNG_S099_FULL_RESULT.zip,d6c41fcc8fd2d5dbd98ef80d816b466aa5d6e9435eb63c0fe89ef69adeb05b76,3446,295,True,0.19310728736128496,0.004301767826344719,220,True,0.15251185600590295,5,True,True,True,0.04426258334600769,0.9964569541920183,0.043686415320167565,0.04796177001610834,1.0197140645820801,0.8333333333333334,0.5714285714285714,True,True,0.5237820089453504,5,26,26,0.2256693760723507,0.06082545631819104,182.40234375,203.92167568206787,Prospective large-N TNG diagnostic; no retroactive v0.3 promotion; direct filament truth not run.
TNG,TNG_V04_B6_06_L205n625TNG_DM_S099/L205n625TNG_DM,TNG_V04_B6_06_L205n625TNG_DM_S099_BLOCK_PASS,TNG_V04_B6_06_L205n625TNG_DM_S099_FULL_RESULT.zip,bbafda6dc997ff59d5cd6770491b3bac5bff9864be30ab9dbeb2ed462a64229b,3575,305,True,0.2070238938029749,0.0017129643776041795,230,True,0.18812676431899422,5,True,True,True,0.011116700393806182,0.9726744858702663,0.039124539996126285,0.03369440321516839,1.0291725950569293,0.8333333333333334,0.5916666666666667,True,True,0.5020140159026218,5,26,26,0.11256955151977517,0.06782217379921812,179.21484375,209.13087368011475,Prospective large-N TNG diagnostic; no retroactive v0.3 promotion; direct filament truth not run.
